{
 "sampleVertexIndices": [
  0,
  1234,
  5678,
  9000,
  17820
 ],
 "sampleVertices": [
  [
   0.07524014151191177,
   0.132701584213881,
   0.04278368914796994
  ],
  [
   0.07066148681726514,
   0.2763427407195387,
   0.1334917336734655
  ],
  [
   0.07264009026446368,
   0.21735470224169007,
   0.07959980053316922
  ],
  [
   -0.03549145619356031,
   0.1885630748765137,
   0.05491466889200118
  ],
  [
   0.009579310257967339,
   0.28682860020996653,
   0.12624630734082742
  ]
 ],
 "meanAbs": 0.1284833692321981,
 "jointsWorld": [
  [
   0.009713157311082021,
   0.11783295185559228,
   0.023818299447652853
  ],
  [
   0.022748622893714755,
   0.18772338394274307,
   0.05506041872352304
  ],
  [
   0.0743935550256453,
   0.28198126237605065,
   0.11654204803710386
  ],
  [
   0.02219130736267548,
   0.28373561225958843,
   0.1328420499877698
  ]
 ],
 "landmark0": [
  -0.039455113326315926,
  0.2715785058492075,
  0.0954536817877415
 ],
 "landmark33": [
  0.05599806164359592,
  0.2334553728585174,
  0.15864090428228947
 ],
 "landmark67": [
  0.034890903048064414,
  0.20489460443296154,
  0.15772462971053758
 ]
}